{
"a": false,
"b": "3",
"6": -7,
"9": "ball",
"jub":
      {
      "uy":
            [
            -1,
            2,
            -3.75
            ],
      "yu":
            [
                  [
                  6,
                        {
                        "y": "b",
                        "m8": 0.125
                        }
                  ],
            null
            ],
      "status": "jubaЯ"
      },
"9\"a\"": 2,
"blutentharst":
      [
      "\n'\"DOOM\" BOOM, AND I CONSUME', said Bludd, the mighty Blood Gồd.\n\t",
      true
      ]
}